model,f1,recall
baseline,0.6950596252129472,0.6017699115044248
lr_concat,0.7603388141504733,0.7502458210422812
rfc_tpv,0.755578093306288,0.7325467059980334
bagging,0.7607178464606181,0.7502458210422812
adaboost,0.7531296945418127,0.7394296951819076
gradient,0.7162094763092269,0.7059980334316618
XGBoost,0.7416291854072964,0.7295968534906588
voting,0.7610256410256411,0.7295968534906588
